[[{"location":"C:\\Program Files (x86)\\Java\\jre1.8.0_66","type":"JRE","hints":{"EXECUTION_ENVIRONMENT":"JavaSE-1.8"}},"jre:jre:1.8.0"],[{"location":"C:\\Program Files\\Java\\jre1.8.0_45","type":"JRE","hints":{"EXECUTION_ENVIRONMENT":"JavaSE-1.8"}},"jre:jre:1.8.0"],[{"location":"C:\\Program Files (x86)\\Java\\jre1.8.0_73","type":"JRE","hints":{"EXECUTION_ENVIRONMENT":"JavaSE-1.8"}},"jre:jre:1.8.0"],[{"location":"P:\\Teaching\\CSCI1302_SP16\\Workspace\\Jan-25-Review-Arrays","type":"PROJECT","hints":{}},"ABSENT"],[{"location":"P:\\Teaching\\CSCI1302_SP16\\Workspace\\Feb-17-Polymorphism","type":"PROJECT","hints":{}},"ABSENT"],[{"location":"P:\\Teaching\\CSCI1302_SP16\\Workspace\\Feb-15-Polymorphism","type":"PROJECT","hints":{}},"ABSENT"],[{"location":"P:\\Teaching\\CSCI1302_SP16\\Workspace\\Mar-02-Exceptions","type":"PROJECT","hints":{}},"ABSENT"],[{"location":"P:\\Teaching\\CSCI1302_SP16\\Workspace\\Feb-22-Polymorphism","type":"PROJECT","hints":{}},"ABSENT"],[{"location":"P:\\Teaching\\CSCI1302_SP16\\Workspace\\Feb-8-Inheritance","type":"PROJECT","hints":{}},"ABSENT"],[{"location":"P:\\Teaching\\CSCI1302_SP16\\Workspace\\Feb-3-Inheritance","type":"PROJECT","hints":{}},"ABSENT"],[{"location":"P:\\Teaching\\CSCI1302_SP16\\Workspace\\Apr-6-Collections","type":"PROJECT","hints":{}},"ABSENT"],[{"location":"P:\\Teaching\\CSCI1302_SP16\\Workspace\\Project1","type":"PROJECT","hints":{"PROJECT_NAME":"Project1"}},"ABSENT"],[{"location":"P:\\Teaching\\CSCI1302_SP16\\Workspace\\Apr-13-GUI","type":"PROJECT","hints":{}},"ABSENT"],[{"location":"P:\\Teaching\\CSCI1302_SP16\\Workspace\\Jan-27-Arrays","type":"PROJECT","hints":{}},"ABSENT"]]